Date,EUR/USD,USD/JPY,EUR/JPY
2023-12-27,1.13,143.0,161.48089794254685
2023-12-28,1.1322473798430481,143.21046980457314,162.12624554622462
2023-12-29,1.1316213554017613,143.5914419526998,162.3623809485686
2023-12-30,1.1345569091342727,143.27584129465257,162.50453509094646
2023-12-31,1.1414898620661034,142.27490920907832,162.0978333045635
2024-01-01,1.1404212277792127,142.62744746515625,162.69006211985413
2024-01-02,1.1393536687436423,142.87922887227558,162.7901698421921
2024-01-03,1.1465735759361282,142.36357859278291,163.09694375360596
2024-01-04,1.1500986652466954,142.18004211473902,163.62887722236638
2024-01-05,1.1479409244303656,142.7705265952312,164.04579064828337
2024-01-06,1.1504349372668763,142.31318206591845,163.4588636750201
2024-01-07,1.1483043849308012,142.9904209553276,164.0712906261119
2024-01-08,1.146167178197554,143.29721235697488,164.1162356210587
2024-01-09,1.147277032052562,143.866926317082,164.90008432223283
2024-01-10,1.1385302947411804,144.6318515283165,164.8043323008783
2024-01-11,1.130701847819929,146.12642571162033,165.19339456234883
2024-01-12,1.1281615874110145,146.4911341680619,165.22195524208357
2024-01-13,1.123600284650609,146.8047419322303,164.6193130270381
2024-01-14,1.1250135262487535,146.4727481697407,164.8885295299544
2024-01-15,1.120934780462955,146.84414196983093,164.39872075594624
2024-01-16,1.1146202320189582,147.74128019657996,164.68528944255138
2024-01-17,1.1211739913499836,147.1405941717429,165.01596618808443
2024-01-18,1.1201619103626987,147.06365861038975,164.9592570157316
2024-01-19,1.1204645213214746,147.01943820321995,164.51446238262088
2024-01-20,1.1140971631411547,148.5184478128712,164.9643608793126
2024-01-21,1.111673821553072,149.41177080258723,166.12769111931448
2024-01-22,1.1121671699487392,149.50403770226248,166.57285977167788
2024-01-23,1.107058549871781,150.14018976165178,166.41991096027223
2024-01-24,1.1087234793934053,149.97857978571244,166.3196359827339
2024-01-25,1.10606290788499,150.51961401827333,166.40231233641626
2024-01-26,1.104773133920886,150.31914990983958,166.20259602023947
2024-01-27,1.1021173340288692,150.5557689614312,165.76858207005768
2024-01-28,1.1103133707940458,148.97077343005844,165.48303319249345
2024-01-29,1.1102534278158074,149.1168643859091,165.6411942104453
2024-01-30,1.105566041868481,149.91384492347404,165.91537497884966
2024-01-31,1.1092095433598137,149.30070057833444,166.062777515156
2024-02-01,1.103806061999854,150.51223651006407,166.20151360929387
2024-02-02,1.1047286269358403,149.96922570089805,165.59097409143922
2024-02-03,1.0961028636635908,150.51938426578317,164.98050875966123
2024-02-04,1.0902949910683133,151.3224448385513,164.69423070308602
2024-02-05,1.091153876464028,151.58475404596902,165.28738484594763
2024-02-06,1.0943817641770017,151.7760938150743,166.03300709135766
2024-02-07,1.0951321906337725,151.51986717681888,165.8473198327894
2024-02-08,1.0946257071633518,151.96514234782552,166.37029487045297
2024-02-09,1.0933081174020651,152.11683995850947,166.1737987875865
2024-02-10,1.086861279400874,152.86979873859698,166.33452233921685
2024-02-11,1.0837362973711369,153.58410522509618,166.44470399655668
2024-02-12,1.081741292064881,154.07416995179466,166.66684160791215
2024-02-13,1.086325107592946,152.92351120102663,166.07017836400783
2024-02-14,1.0878192588946944,153.26089547766009,166.74602715071683
2024-02-15,1.0801747695192372,154.73743151388732,167.2813792080822
2024-02-16,1.081575946829008,154.33099053244536,166.77594523868106
2024-02-17,1.0799112463232894,154.6885839518082,166.94000316639008
2024-02-18,1.0769911387534297,155.24610544913148,167.14789730363398
2024-02-19,1.0796294447872303,154.9977256585583,167.11489030967707
2024-02-20,1.0840910280124616,154.2234530502309,167.05528818632422
2024-02-21,1.0881369287545277,153.4648854926709,166.91128466264254
2024-02-22,1.0844903184642753,153.9216050670729,167.07244921498787
2024-02-23,1.083149796335394,154.51580814593427,167.40770937672778
2024-02-24,1.0845859793080923,154.52689686111475,167.63015098655652
2024-02-25,1.0888264978298223,153.85026337035123,167.65878268592184
2024-02-26,1.086741546149409,154.39450658460314,167.76387561279657
2024-02-27,1.0859347924551925,153.47468916437617,166.72858096520304
2024-02-28,1.0811397795000381,154.50275901649468,167.02183674871705
2024-02-29,1.0759790696335259,154.54320303931306,166.32937766951977
2024-03-01,1.0794818017845713,153.96006129558623,166.10023158043592
2024-03-02,1.0853538609454032,152.8079893425871,165.4462615828898
2024-03-03,1.0850412801115947,152.38673716560737,165.32369785722761
2024-03-04,1.0894055320728924,152.247152270744,166.0948653525905
2024-03-05,1.0909825455528097,151.88258709989805,165.85472655070254
2024-03-06,1.0881709172186989,152.36003590589496,165.95381689807505
2024-03-07,1.0897450954968912,152.14462442140365,166.00380733178844
2024-03-08,1.0964700319021503,151.4702371319556,166.09730022136742
2024-03-09,1.0963129144472281,151.51699388778417,166.1428132768884
2024-03-10,1.1031957866507018,150.21279466496816,165.611768533758
2024-03-11,1.0916957790178972,151.9938182719706,165.8785635561387
2024-03-12,1.0952907551989242,151.3687851135969,165.89492140275965
2024-03-13,1.0956721889968921,150.77264442126278,165.39627192481467
2024-03-14,1.0943625162037538,150.7848831119919,164.99031359444655
2024-03-15,1.0947642681465766,151.2636318772811,165.52346879877814
2024-03-16,1.086095097245595,152.65599488790502,165.7990151479145
2024-03-17,1.08514117816385,152.6529428767431,165.7495841779712
2024-03-18,1.0866923560166624,152.33198428849656,165.29899006041467
2024-03-19,1.0931354463081626,151.4073186048916,165.1286688573536
2024-03-20,1.0908716354649575,152.42779016514518,166.18760994687142
2024-03-21,1.0873494828549892,153.0098590433257,166.17209483933235
2024-03-22,1.085169330353129,153.44129384735038,166.42517577723146
2024-03-23,1.0891500790894424,153.30285164167796,166.94513813797403
2024-03-24,1.0905832583898338,153.2062514874681,167.00844231733146
2024-03-25,1.0882747147660012,153.40694774262377,167.1913901582297
2024-03-26,1.0905113138047535,153.0526759746002,166.9602103138042
2024-03-27,1.0909348526951885,152.9734613330511,166.9342248928644
2024-03-28,1.0951699663604482,152.4259434385685,167.03618182725793
2024-03-29,1.0920988107544938,153.07260100518158,166.9800263227405
2024-03-30,1.0906683905858297,153.27244696670274,167.34312076192649
2024-03-31,1.0889590915231815,153.75226986566486,167.41724690319023
2024-04-01,1.082602882854857,154.5380839985589,167.41554891800857
2024-04-02,1.0838859652607664,154.4012052136593,167.1739205060509
2024-04-03,1.085018372982573,153.53821085464085,166.3329362940526
2024-04-04,1.0850405659871643,153.86397005064103,167.08519472233968
2024-04-05,1.084022897301912,154.11893802286494,167.1313438836378
2024-04-06,1.0779030601548596,155.26998294110518,167.21501701119837
2024-04-07,1.0760909255916464,154.4588136217487,166.06717951274567
2024-04-08,1.074616768327482,155.40549522033425,167.189300183528
2024-04-09,1.0711737333942029,155.805735349995,166.69650430787905
2024-04-10,1.0704828961908701,156.3001245325226,167.59145645442058
2024-04-11,1.0722144131814524,155.6939740212445,166.78697577660455
2024-04-12,1.0803345898249195,154.85808983561773,167.40535300773377
2024-04-13,1.0810892630919418,154.38057599358768,166.8443369814511
2024-04-14,1.0822035768257257,154.01272451685907,166.77365648071688
2024-04-15,1.0818813622579349,154.7436368954221,167.32316424395054
2024-04-16,1.0736096147800096,155.75052189761158,167.1880363585207
2024-04-17,1.0734957586112235,155.84447798143677,167.30523182805746
2024-04-18,1.0737544172677504,156.1271900961277,167.47425105126666
2024-04-19,1.084386377836802,154.9233148749735,168.1211883289519
2024-04-20,1.0835523243172862,155.0854111980822,167.95691574306304
2024-04-21,1.0848600821552423,155.04855322896995,168.16753431982815
2024-04-22,1.0847094629586653,155.93997444868262,168.98137217291276
2024-04-23,1.0796505920476858,156.57857919405475,168.61699282479805
2024-04-24,1.0845972871387535,156.00675380764915,169.1721791976693
2024-04-25,1.0878643760493838,155.96546775681105,170.07862297900803
2024-04-26,1.09131196938799,155.92213392934147,170.2931990728325
2024-04-27,1.0873494789784401,156.86897999078676,170.568118390855
2024-04-28,1.093467939460533,156.30891550205249,170.87385477150013
2024-04-29,1.0873535815476907,156.6839929857068,170.37472847860045
2024-04-30,1.0899090644319278,156.94921157714933,171.15395875075455
2024-05-01,1.099500612558784,155.2964344926574,170.54690280653054
2024-05-02,1.0951528502945358,155.96313630311056,170.99380327900874
2024-05-03,1.0926749275473653,156.007693565598,170.58764323693666
2024-05-04,1.093110560556954,155.9282149045294,170.56919084417578
2024-05-05,1.0909113575725797,156.33190404855787,170.61902919339562
2024-05-06,1.0841657541257648,157.3278900117438,170.57285652329847
2024-05-07,1.0844631294189129,157.44384292995775,170.85692831338488
2024-05-08,1.079864789166545,158.64529599003342,171.4168560224873
2024-05-09,1.0819123911728605,158.54181921275116,171.4676307032933
2024-05-10,1.0779407530030944,158.9786180279627,171.2712333615203
2024-05-11,1.0846444619877043,158.4470843363672,171.87625743938182
2024-05-12,1.081251574360366,159.33756067251025,172.55085970159809
2024-05-13,1.079859553100082,159.06677822417018,171.55693889638349
2024-05-14,1.0833792139588538,158.82127059370373,171.81115552254875
2024-05-15,1.078058351962996,159.79013352332686,172.29147021739874
2024-05-16,1.0790396586401545,159.54810119859872,172.16748941607648
2024-05-17,1.0846962692340827,159.30709319624108,172.82976305909705
2024-05-18,1.0777441198441973,160.17866920403216,172.67373289459528
2024-05-19,1.0785403660574562,160.11878761385805,172.6560299870435
2024-05-20,1.0796621253444783,159.9039732880012,172.89947704772138
2024-05-21,1.083043828547768,159.45884625293985,172.42444175273334
2024-05-22,1.0776983762403478,159.76372334272043,172.0344570091448
2024-05-23,1.0720211666653487,159.98909717847894,171.493989211706
2024-05-24,1.074261634262288,160.28293405516362,171.90287289147443
2024-05-25,1.0755385495223186,159.79501203185418,171.8354721221242
2024-05-26,1.0766167484620721,159.2816470076628,171.77020658242722
2024-05-27,1.07810975049818,158.28520619646733,170.65238841469494
2024-05-28,1.0751811701862466,158.4381002265866,170.38896182502035
2024-05-29,1.076180493515023,157.81731857914374,169.62589351107675
2024-05-30,1.0774428287977058,158.25546520641225,170.4061195714489
2024-05-31,1.0743685318957754,159.03858710887002,170.80194502219908
2024-06-01,1.0824166441555925,157.71697717959,170.6612422794798
2024-06-02,1.084470128118051,158.27687376276526,171.86653129256464
2024-06-03,1.0793146890338066,159.32393096852599,172.056559931264
2024-06-04,1.0821529261278884,158.82613108389342,171.68313159250653
2024-06-05,1.077942121364119,158.4595287581418,170.85230611055783
2024-06-06,1.0813411958646915,158.85650643021853,171.8636682118194
2024-06-07,1.0863641745922132,157.68106717696557,171.49436885380996
2024-06-08,1.0828037822141652,157.54321792225525,170.85801412298173
2024-06-09,1.086984421362484,157.3709703486949,170.88615134125325
2024-06-10,1.0887806495999852,158.0335197349869,171.92431901995764
2024-06-11,1.092366715071931,158.07467629427254,172.458361975344
2024-06-12,1.1006862099601147,157.20206379736723,172.98965130915917
2024-06-13,1.0996063587506306,157.55994427315008,173.33471502206623
2024-06-14,1.0962960990664055,158.30437464224826,173.7198187785817
2024-06-15,1.0924023454772005,159.0952692380628,173.78284528244322
2024-06-16,1.088843383236363,159.669485151532,173.79945530088455
2024-06-17,1.0885076282690611,159.7527913117332,173.91852150091415
2024-06-18,1.0899940283229776,159.53275917267848,173.74453202570308
2024-06-19,1.0912010614255216,159.09329475794127,173.965521820057
2024-06-20,1.0948175340547048,158.51483016850796,173.26581423988677
2024-06-21,1.09487447433217,157.88253669070605,172.89349391001232
2024-06-22,1.1012587653512516,157.01976897934574,173.2693176889697
2024-06-23,1.1000935595897514,156.8078470754501,172.50447565648147
2024-06-24,1.1121286782966733,154.8754263451758,172.20867061184236
2024-06-25,1.1149154544338886,154.5906873435353,172.29393872969715
2024-06-26,1.1110993673218985,155.5744913257116,172.82753660841766
2024-06-27,1.106350074639497,156.51240448794448,173.3952294112584
2024-06-28,1.108487269822076,155.66844760189161,172.17482134639334
2024-06-29,1.107496889902876,155.43484405485552,172.4075771807665
2024-06-30,1.110664424298443,155.37516289522392,172.32393403732146
2024-07-01,1.11276884823063,154.75465648066466,172.16024167641675
2024-07-02,1.1124447284624823,154.71426484446434,172.03719062841432
2024-07-03,1.1086830579458222,155.38748807105762,172.37686873551232
2024-07-04,1.101985428395961,155.88745167437443,171.51116530412125
2024-07-05,1.1000189731391061,156.17746379426936,171.87757377024747
2024-07-06,1.1037936544021592,155.21126565269827,171.66801729349353
2024-07-07,1.104739320531642,154.87383576904438,170.86198354473146
2024-07-08,1.09924814658256,155.68839181916817,171.17264249858192
2024-07-09,1.1000098856365097,155.01383078580434,170.40386722772016
2024-07-10,1.1017066045584438,154.95740280350336,170.79030053303939
2024-07-11,1.0978184754122529,155.44577146156513,170.65450742717303
2024-07-12,1.098493732044538,155.55987493662022,170.7719292997426
2024-07-13,1.0987495294721166,155.60844348645452,171.05811788215655
2024-07-14,1.0937376427695318,156.75028354722883,171.75302972050386
2024-07-15,1.0953040654110955,156.5935859369379,171.4848479355039
2024-07-16,1.097763741362369,156.12022998566505,171.50648213878088
2024-07-17,1.1025297952085307,155.55506260439154,171.2822897134056
2024-07-18,1.1071869964917973,155.1606476433482,171.62754346200458
2024-07-19,1.1011024265023028,155.95245027181818,171.80074284046958
2024-07-20,1.0969795986112139,156.49644346036385,171.92818898435155
2024-07-21,1.0992418608235117,155.9499535082739,171.48767871871075
2024-07-22,1.101503283901359,155.42024741423097,171.1423186562074
2024-07-23,1.1037749299813233,154.62455007220646,170.6705809930095
2024-07-24,1.1209168710374569,153.11141054579065,171.41056179767364
2024-07-25,1.1234794790808975,152.3532273972499,171.2691968563946
2024-07-26,1.1285942253226329,151.48451283132104,171.11539407902143
2024-07-27,1.1329091765535448,150.71059499515567,170.6642255302354
2024-07-28,1.1358648940429075,150.6706833918113,171.06109608926144
2024-07-29,1.1344333837863012,150.73859076021654,171.04835552883873
2024-07-30,1.1378826169447114,150.76417885542037,171.47701826028077
2024-07-31,1.1343705107198174,150.9482398830052,171.21990799926644
2024-08-01,1.1332964593353345,151.17578698136512,171.68672312484955
2024-08-02,1.1310983506284689,151.14618466501526,170.91896836811028
2024-08-03,1.1314688421085757,151.85963542516512,171.7628742594925
2024-08-04,1.1419933443785522,150.17860486673902,171.39191188480316
2024-08-05,1.1334955016475545,151.30424785762992,171.63031524755684
2024-08-06,1.1366112674981776,151.15300512934317,171.77107403298422
2024-08-07,1.1293027418713668,152.18291356751737,171.74897992975673
2024-08-08,1.1271729369494041,152.37666205075385,171.98179006174797
2024-08-09,1.1320933879962731,151.73253282198527,172.01925002159513
2024-08-10,1.1323845093596359,151.71281464882097,171.6940900675413
2024-08-11,1.127513330712103,152.25232798522225,171.34610699978708
2024-08-12,1.1242918836650644,152.98987169338022,172.17856869311163
2024-08-13,1.1273523064264195,153.4039184826331,172.82186125527502
2024-08-14,1.1240635906747887,153.60921632331318,172.80304183769496
2024-08-15,1.1250372650120601,152.99940856412144,171.79092211806136
2024-08-16,1.1252423637774562,152.9427208180609,172.251242581172
2024-08-17,1.122313349267835,154.22858704914972,172.8831569409324
2024-08-18,1.1319794454533767,152.75217499879,173.03868046784305
2024-08-19,1.1348534208622345,152.9867597504974,173.620025704516
2024-08-20,1.1256975946669887,154.71434404319595,173.99542536775712
2024-08-21,1.1265374725203614,154.41061934000717,173.8785451400068
2024-08-22,1.1235593070731484,154.98576790075882,174.25521453506641
2024-08-23,1.127396883539175,155.0974378491502,174.87488439551393
2024-08-24,1.1238286007610483,155.40452944496857,174.75012146835317
2024-08-25,1.123312942721756,155.39512003353303,174.90235179948306
2024-08-26,1.1255842709187138,154.90157086367765,174.08203871565513
2024-08-27,1.1294889497244835,154.05277368819162,174.28230200773896
2024-08-28,1.1240790609440752,154.48791252765804,173.67474974148487
2024-08-29,1.1225760433505176,154.23362129661314,172.9833538038809
2024-08-30,1.1204454189386377,154.51072287368314,172.89052661951135
2024-08-31,1.1175211626243704,154.59779628030753,172.73363540645641
2024-09-01,1.1254408232094566,153.69890280109956,173.1384458277221
2024-09-02,1.1272654324778921,152.9181214765591,172.35732551031998
2024-09-03,1.1215943420886996,153.73478170850845,172.68862686152116
2024-09-04,1.1257197856965597,153.5242182242653,172.57445023716863
2024-09-05,1.1353162714329434,151.64488010806554,172.1628185736893
2024-09-06,1.1400146650514136,151.21231778132974,172.1683668902281
2024-09-07,1.1331072599486627,152.48057219519055,172.83967052431996
2024-09-08,1.1309146275548867,152.31701995439477,172.41031893729533
2024-09-09,1.1366602470392546,152.2144281172393,172.94329090654043
2024-09-10,1.133447277626889,152.75326343921188,172.68688281251178
2024-09-11,1.1354612484670856,152.25793269170586,172.91737709209167
2024-09-12,1.1389849726389596,151.81275918967097,172.9879689054812
2024-09-13,1.1347697523888696,152.5204417698963,173.14555749226568
2024-09-14,1.1344995942584273,152.58029267847274,173.31619685071473
2024-09-15,1.1198856683190526,154.5712890452993,172.91676961786837
2024-09-16,1.1153062687337099,154.81137687493768,172.77954664052353
2024-09-17,1.1141800743410442,155.01391204558018,172.91937408821215
2024-09-18,1.1086329085432887,155.2013790234272,171.75533004478157
2024-09-19,1.1158955736192968,154.248929020964,172.180717423386
2024-09-20,1.109530243887606,154.72114991587551,171.58124376075844
2024-09-21,1.107578991000956,154.70155726274342,171.3302262625736
2024-09-22,1.1081583645497097,155.07510446232305,171.90752157316138
2024-09-23,1.114565451734828,154.6631961288636,172.2982655015076
2024-09-24,1.1081823504001336,155.68852112762204,172.4146904996215
2024-09-25,1.1133503537086964,154.6411862549653,172.17569943044953
2024-09-26,1.1133959265698126,154.52135776848374,171.85639676481173
2024-09-27,1.1090332652173966,155.50965789773807,172.27811642371577
2024-09-28,1.1110851134653255,155.3016513500523,172.67058104947802
2024-09-29,1.1119701548284653,156.03208160443396,173.3036987077988
2024-09-30,1.109303664039555,156.5142842675263,173.73755543424966
2024-10-01,1.1096134341172854,156.54495605779962,173.7847404216606
2024-10-02,1.1079045547907438,156.6499619223226,173.2536870302649
2024-10-03,1.108407734556767,156.63453931902936,173.49729953695595
2024-10-04,1.1113472685934598,156.2048005328703,173.8050731529432
2024-10-05,1.1184201420904107,155.56931392651234,173.82113937657067
2024-10-06,1.1128962373806899,156.6156122023348,174.21598129992574
2024-10-07,1.1224322400223954,155.12886333879405,174.2020923688805
2024-10-08,1.1137020235513457,155.7420574379365,173.58612379607007
2024-10-09,1.1130260553059748,155.16131509754447,172.6551460690429
2024-10-10,1.1156483891424382,155.01556357363893,172.83952866872204
2024-10-11,1.116903046605845,154.46017421502384,172.76242219716036
2024-10-12,1.1141245284429773,154.03233167864596,171.90961355250863
2024-10-13,1.1131974179849993,154.28798136906812,171.9211042758167
2024-10-14,1.111004351593155,155.46460034659364,172.73658381096567
2024-10-15,1.1083882891961383,155.79369694090352,172.5403379684312
2024-10-16,1.112161452999745,155.6204787545582,172.93136852132957
2024-10-17,1.1137508230355253,155.44960453791902,173.22258897203858
2024-10-18,1.1106681824633429,155.80319813366867,173.11805688723769
2024-10-19,1.11467200966232,155.63112482741835,173.72080471969568
2024-10-20,1.11604300480001,155.35322747214903,173.49365840465364
2024-10-21,1.1196776668825303,154.99443482181192,173.2829568830266
2024-10-22,1.1225011462891512,154.75845593044696,173.89928488467484
2024-10-23,1.1187851194295264,154.98078575489455,173.21714297138328
2024-10-24,1.116281037108287,155.65454173742776,173.68749665499033
2024-10-25,1.1196227878801988,155.17160736158053,173.77713583349924
2024-10-26,1.12235966537087,154.557121439769,173.81486490319932
2024-10-27,1.122265832869393,154.7623919038293,174.22468943509884
2024-10-28,1.1227926465332507,154.37287834830602,173.43389517254977
2024-10-29,1.128545545564851,153.67220397995297,173.3943102070209
2024-10-30,1.1258782415878579,153.997638577731,173.47526450456502
2024-10-31,1.1283447996483527,154.0835024170995,174.01364583148938
2024-11-01,1.1274325964680336,154.36694493647195,173.98251708195815
2024-11-02,1.1264513401954948,154.47934545752145,174.3258566728957
2024-11-03,1.1314131105952074,154.16131700878967,174.4602641832947
2024-11-04,1.1351548316674394,154.20173096004268,175.12996631465546
2024-11-05,1.1388546857121897,153.94951575702177,175.44288130324995
2024-11-06,1.1448172427733427,153.22899370940115,175.4931484748042
2024-11-07,1.1449134290541116,152.74913789877778,175.0312569796375
2024-11-08,1.1480408010153702,151.99516337376238,174.38894049737127
2024-11-09,1.146616889200064,152.05727477935505,174.25409867333028
2024-11-10,1.1481046320026238,151.66350785461887,173.9340108842882
2024-11-11,1.1475071161670192,151.66864174258163,174.1173368648615
2024-11-12,1.1479524167864341,151.63555455075252,174.20599110705453
2024-11-13,1.1506885200993093,151.49704272544315,174.4057095636628
2024-11-14,1.1469286077432779,151.9204510789252,174.5336782059669
2024-11-15,1.1565681661515017,150.94784809419832,174.5804988935963
2024-11-16,1.1519234071237467,151.52014126026847,174.65631926771047
2024-11-17,1.1463423618425694,151.48630236781588,173.465586146641
2024-11-18,1.1516650470593106,150.523697062168,173.2857758121163
2024-11-19,1.1553177484365855,150.04344236463007,173.46842197663815
2024-11-20,1.158205578447783,149.28364922727573,173.0479660419931
2024-11-21,1.1611202528546674,149.15384722580635,173.13464197673704
2024-11-22,1.1610633743438965,149.69411340063735,173.79190816275863
2024-11-23,1.156903766508723,150.60768906908262,173.97413054842497
2024-11-24,1.1572546140132864,150.49149576983632,174.0947987227876
2024-11-25,1.1541242613767513,151.38564620421678,174.8734129379157
2024-11-26,1.1586346894415438,150.90571776896712,174.94517093283878
2024-11-27,1.1579533467199556,150.86719777384218,174.78464146041392
2024-11-28,1.1541361034685516,151.10130680074622,174.40015356666643
2024-11-29,1.15265336472325,151.17009577980522,174.24795027834907
2024-11-30,1.154558805243382,150.8081490415605,174.00190332417824
2024-12-01,1.1519583256689245,151.17562912078787,174.26972419284448
2024-12-02,1.1481758945415943,151.68208225645458,174.23102616490561
2024-12-03,1.1492956233082703,151.5497077198151,174.26111338345973
2024-12-04,1.150422331261817,151.5701092883919,174.27791397181784
2024-12-05,1.1480918998544356,152.2703084722245,174.44385967336416
2024-12-06,1.1459307554046136,152.8678927327378,175.36821464149142
2024-12-07,1.14699490183847,152.21157449196278,174.50230167490412
2024-12-08,1.1403703248242882,152.10078536692995,173.30157250431714
2024-12-09,1.1339682434429128,153.2096130615889,173.85531724691185
2024-12-10,1.130714149725744,153.11862230986043,173.06552235388884
2024-12-11,1.1297491708697025,153.15638082882583,173.21169323932054
2024-12-12,1.1311550351339859,152.56740254841552,172.6838668636253
2024-12-13,1.1378501976560402,151.11985388961193,172.06929656325784
2024-12-14,1.1417604538457946,150.84286836056248,171.99116817422697
2024-12-15,1.1410302414946463,151.19759950524278,172.73011930575294
2024-12-16,1.1409434525223003,151.00473667856855,172.33287590968345
2024-12-17,1.1363772967935677,150.63913235456616,171.1196760884972
2024-12-18,1.136293148279575,150.45733255519187,170.9881503046363
2024-12-19,1.134981902095943,150.75202988172302,170.79691030513823
2024-12-20,1.1364479670469183,150.05774113067991,170.6025035618511
2024-12-21,1.1326937619652202,150.5711786219384,170.3754743809509
2024-12-22,1.1350492499750133,150.28362178936155,170.34857462855686
2024-12-23,1.1420295627183794,149.65604462008253,170.65143830994242
2024-12-24,1.1415328415540151,149.75662289836572,171.1423196967028
2024-12-25,1.1433685845324302,149.20037356643343,170.48367325222415
2024-12-26,1.1465293010599171,149.24498318079347,171.37618814715003
2024-12-27,1.1446907326882727,149.40615616384324,170.93220754237095
2024-12-28,1.1457172590419906,149.27576257027104,170.7358118281785
2024-12-29,1.145774969819047,148.944304327649,170.46611346869514
2024-12-30,1.1462227165971355,148.7378562120246,170.6973990649715
2024-12-31,1.142684024805627,148.84614093693128,170.05759160015816
2025-01-01,1.1427960598358171,148.77292145224115,169.92389022513777
2025-01-02,1.1450747706106217,149.09981491236493,170.75775634038763
2025-01-03,1.1517407702750058,147.846361651784,170.36612635793963
2025-01-04,1.1561685850700338,146.78135764323366,169.89362162363483
2025-01-05,1.1661693578877843,146.1449943215912,170.67668164112388
2025-01-06,1.1625954167449641,146.47906577508553,170.23462339728303
2025-01-07,1.1666591262339936,145.79050184731568,169.86227493892815
2025-01-08,1.1675150305389235,146.04790218394353,170.44261974339355
2025-01-09,1.1777864610381548,144.69269118055763,170.46144893084966
2025-01-10,1.1739845993187943,145.7353051954598,170.92611339431377
2025-01-11,1.1700479323886432,146.40939264648802,171.1420414468313
2025-01-12,1.1672460201200905,146.55978098042124,171.13013330612966
2025-01-13,1.15737158871045,148.43366826229672,171.78455232577753
2025-01-14,1.1549401705683036,148.50579791865673,171.52093676544226
2025-01-15,1.1514384785340337,149.17160976026904,171.63165075920384
2025-01-16,1.1521313636951083,149.19474264082743,171.85233826864624
2025-01-17,1.1537074318247635,149.4639382748511,172.27828378014942
2025-01-18,1.1623982107702422,148.99632101665634,173.34723314523458
2025-01-19,1.166825705306361,148.49679167726268,173.4492512060134
2025-01-20,1.1641362255815586,148.54520366466932,172.60759726588086
2025-01-21,1.1599602253774226,149.18804517698177,172.89134460921636
2025-01-22,1.1622448990820666,148.68791126713398,172.55314856131403
2025-01-23,1.1561233398384423,150.1020976397247,173.42373553651436
2025-01-24,1.1646240079677002,149.1599228299278,173.70073270846794
2025-01-25,1.1701314061677413,148.39929212267808,173.39494629729506
2025-01-26,1.1679374768259732,148.7150568221181,173.5297705029496
2025-01-27,1.1599614998026013,149.16855934310777,172.85607128996193
2025-01-28,1.166260299268479,148.1047593283233,172.7645019538902
2025-01-29,1.165726088557838,148.58159759716708,173.217455415347
2025-01-30,1.1715122201442063,147.6922444577736,172.89839181182236
2025-01-31,1.1640644293707745,148.18287925244616,172.52491939308487
2025-02-01,1.1612769276475128,148.6900889958212,172.57597426837788
2025-02-02,1.1613012854529547,149.0991695302605,173.1020204092134
2025-02-03,1.1615195404555332,149.32413761846735,173.73315209527445
2025-02-04,1.159430382177351,149.91506496682302,174.04907475547338
2025-02-05,1.162322588042198,149.31429866300337,173.32583793392794
2025-02-06,1.1573694942557888,149.39479896093778,173.0484477874056
2025-02-07,1.1567105392266694,149.99613510398387,173.64288933255463
2025-02-08,1.1572672620586737,149.81814152067355,173.18054497969203
2025-02-09,1.1596510867654668,149.45252617308503,173.4546890297032
2025-02-10,1.1629566890319882,149.5315305238088,174.16613799537953
2025-02-11,1.1577367986778813,150.3351652628658,173.8531756609807
2025-02-12,1.150654150370212,151.33139463332176,173.97033246063305
2025-02-13,1.1565498597116992,151.39742657967125,175.2768636433007
2025-02-14,1.1580882328268083,150.98894450370048,174.90599318489078
2025-02-15,1.1546261642346884,151.7257956995672,175.28318474307522
2025-02-16,1.1618124378079133,150.89816022344297,175.37506991080497
2025-02-17,1.1623501311087137,150.9296773344244,175.50167124624366
2025-02-18,1.1678461086451184,150.8250410445628,175.9067918894256
2025-02-19,1.1681615560233625,150.967029038466,176.53857809048247
2025-02-20,1.1778304977888963,150.03580279158035,176.92343042377763
2025-02-21,1.1861295750252958,149.46106882373104,177.23952761109769
2025-02-22,1.184948948031928,149.4682101604066,177.10449809562795
2025-02-23,1.1895629558016585,148.65325358322167,176.56165430195696
2025-02-24,1.1926377842234548,147.9460487761328,176.53678601624233
2025-02-25,1.1991848156524318,146.5426373374788,175.8322341706654
2025-02-26,1.1945652501927286,147.76144431682678,176.49970932005206
2025-02-27,1.1978478851815793,147.01684521980283,176.30182005108747
2025-02-28,1.2029299617118452,146.3802858125793,176.02640554130295
2025-03-01,1.1944970972220674,147.21802638759857,175.95079198064948
2025-03-02,1.1888568600340257,147.95464995678154,175.71754477824982
2025-03-03,1.179198882645415,149.33240515741122,176.08845794476375
2025-03-04,1.1779288301373576,149.7781823014208,176.3972780785892
2025-03-05,1.1813145414347228,149.1874041790694,176.27695760420772
2025-03-06,1.1884349396957101,148.32218492660877,176.20612991889158
2025-03-07,1.1887872192008764,148.38028861855244,176.369399899317
2025-03-08,1.1965568084535498,147.42443065113446,176.54742235847021
2025-03-09,1.1899695282277787,148.7178324992987,176.8923949470274
2025-03-10,1.181889194494167,149.80716352410096,176.7710145667843
2025-03-11,1.1816266187657825,150.09434874379394,177.66577609126642
2025-03-12,1.1834433016900319,150.11826640475275,177.90188107492898
2025-03-13,1.1832885422873622,150.54760954732063,177.91105613947016
2025-03-14,1.173543370786288,151.740120317556,178.19643104127996
2025-03-15,1.1731251004169632,151.33040483772612,177.44020351369363
2025-03-16,1.1670198189208756,152.18696871612326,177.65200537506874
2025-03-17,1.1701500941145553,151.58875125035667,177.43378148658732
2025-03-18,1.1718672527102023,151.20156140456936,177.14662408222034
2025-03-19,1.167469866545995,151.92343772011287,177.22702215139563
2025-03-20,1.1650726345408293,152.64605065007999,177.7209279822717
2025-03-21,1.1601468341042895,153.23877952479063,177.61660480086192
2025-03-22,1.159856002738844,153.3839564636622,177.75531871016844
2025-03-23,1.1642957888090606,153.4639670958837,178.66544737806637
2025-03-24,1.159714120545613,154.09787405116262,178.58156738738805
2025-03-25,1.1620546786989423,154.75409498596898,179.95537540451062
2025-03-26,1.1595925373750002,155.25548749891774,180.30085823304645
2025-03-27,1.1559207253352073,155.06243613613742,179.13591497523382
2025-03-28,1.1554259568080254,155.39528257258175,179.59072758762585
2025-03-29,1.150651266150959,156.11620985538946,179.7250756287513
2025-03-30,1.148105856622905,156.90014691246046,180.22300310968436
2025-03-31,1.1426178525441535,157.8281755768552,180.35098861584476
2025-04-01,1.1516329505729512,156.66148376060448,180.5505189667857
2025-04-02,1.1517954047037207,156.1947325873713,179.99113392959956
2025-04-03,1.1485761494966489,156.51365310794768,179.54535711889324
2025-04-04,1.1495596592270172,156.08269820309286,179.58232287809588
2025-04-05,1.1490432640689299,155.93469232275203,179.33468881195373
2025-04-06,1.148028098256956,156.2736516577483,179.26960459895233
2025-04-07,1.1508518879065712,156.53605514766198,180.15664908615585
2025-04-08,1.1543442929949743,156.25215281920418,180.4920320923968
2025-04-09,1.151897366219403,156.11565272688983,179.79156846307743
2025-04-10,1.1492472852616047,156.60305062718126,180.16874069795173
2025-04-11,1.1479835708976056,157.19697505244585,180.8861281092465
2025-04-12,1.1374618150255753,158.2840935310967,179.90060173199146
2025-04-13,1.1305887760958664,159.10298080032663,179.63162197179977
2025-04-14,1.1367871963976686,158.3248270527456,180.03631803340124
2025-04-15,1.1442917718313599,157.0989565865048,179.89675654339365
2025-04-16,1.1431524598212581,157.4783421617831,179.9801932412083
2025-04-17,1.145791872236798,157.10639142721155,180.2728296079971
2025-04-18,1.1472192721985734,157.0835474014113,179.9680437463169
2025-04-19,1.1614352366398133,155.0249804747568,180.1762359028322
2025-04-20,1.1666481554426587,154.24183384314816,179.83692874366994
2025-04-21,1.1660513688460883,154.57341510705777,180.550443878986
2025-04-22,1.161603038425749,154.97296915856518,180.3757586279396
2025-04-23,1.154162757145197,156.50413162790505,180.49275793412295
2025-04-24,1.1551024600878885,156.24340807003412,180.3779625312903
2025-04-25,1.1516130906974322,156.75299011647883,180.67396719402095
2025-04-26,1.1450801473619796,157.90353098436753,180.74220058465025
2025-04-27,1.1421224626338344,157.7498396309921,180.16145359686692
2025-04-28,1.137192094106634,157.7180358109681,179.36025698028507
2025-04-29,1.144892464629328,156.2028304826897,178.49213797299916
2025-04-30,1.1489371231580263,156.1655460892776,179.4219104310197
2025-05-01,1.1489004834879462,155.9690956052934,179.06937498222152
2025-05-02,1.1557218883103169,156.06629955186511,180.2802942317615
2025-05-03,1.1560796086463354,155.81743002731614,180.39740557482804
2025-05-04,1.152103609100486,156.37024188079866,179.9283543790335
2025-05-05,1.1591442217618584,156.07285952347203,181.05807101603818
2025-05-06,1.1616456146975376,156.50013331656734,181.7469787494455
2025-05-07,1.156835949424505,157.84493598402818,182.54961197934648
2025-05-08,1.1559555221242788,158.39943332075254,183.24741887637376
2025-05-09,1.1519139010691783,159.28131208070545,183.54074961931843
2025-05-10,1.1455600246157942,160.3003122135939,183.73841334110355
2025-05-11,1.1498118635649346,160.05534552746983,184.21171356019107
2025-05-12,1.158627365265475,158.75098918010025,183.87230170256106
2025-05-13,1.1521637869716292,159.25067570168324,183.37052664622158
2025-05-14,1.1547612415187825,158.92592601789056,183.3223511859747
2025-05-15,1.1517598016584054,159.2366211205706,183.25095693661876
2025-05-16,1.1495177809166324,159.34845415815482,183.71407848892505
2025-05-17,1.1467971361795883,159.94944927541812,183.65788140328542
2025-05-18,1.1428406882250761,160.80740409951684,183.52894764881535
2025-05-19,1.143062519714327,160.81238983159528,183.57552313149102
2025-05-20,1.1392695150663292,161.8527633916244,184.48277243300055
2025-05-21,1.1405026748460299,161.2645952114603,184.02335661698353
2025-05-22,1.140273511079486,161.22099983539042,183.93694017030373
2025-05-23,1.1391841672421166,161.09056788786205,183.46503702706977
2025-05-24,1.1350561360595852,160.91720909437328,182.62715135133485
2025-05-25,1.1324404831355426,161.2216937216296,182.6338349973553
2025-05-26,1.1358674002734688,160.73674019876626,182.59130518715864
2025-05-27,1.1381455838885814,161.01372694709633,182.8503598036745
2025-05-28,1.1337038728443525,161.821246887473,183.4152158679887
2025-05-29,1.1341544160228652,161.37711757331883,182.87074054102163
2025-05-30,1.1375682998461234,161.63743704066076,183.90584120446826
2025-05-31,1.1299973558171548,163.07895923024367,184.82891264454395
2025-06-01,1.1324560090404563,162.9804057784581,184.63596528710326
2025-06-02,1.129458414320087,163.2846449289541,184.3653939911943
2025-06-03,1.1320392282875258,162.58411116242465,184.22125076582446
2025-06-04,1.1285883415835378,162.8914394779529,183.92611561489767
2025-06-05,1.1204698072537038,164.37384567913682,184.25330247961742
2025-06-06,1.1131990512143026,166.07160197636333,184.98293867788325
2025-06-07,1.1134131842748005,166.64168764877957,185.922625334617
2025-06-08,1.1145704991628245,166.2956555417958,185.13862363397115
2025-06-09,1.1105460837136034,166.4044797773699,184.8873704627481
2025-06-10,1.1133864552656412,166.07567509376273,184.73511339205143
2025-06-11,1.1060113345047289,166.3874300669789,184.12861255652714
2025-06-12,1.1057190331117221,166.552679846135,183.9912823836223
2025-06-13,1.100375810372585,167.22521063502268,183.93377675918606
2025-06-14,1.0975104886946965,167.43723804789153,183.70989801575848
2025-06-15,1.0977185905772582,166.78686549524534,183.26370036418103
2025-06-16,1.0939471173653124,167.50661572061048,183.41168010332052
2025-06-17,1.0922656771948256,167.53110008186474,182.76051856474317
2025-06-18,1.0966710939119588,166.46826961805078,182.5709681665648
2025-06-19,1.094143368931113,165.70135719304957,181.1723936291835
2025-06-20,1.0978069567140327,165.19133357935675,181.11996759809463
2025-06-21,1.0928573481735613,166.55403295473272,181.9802973826705
2025-06-22,1.0951758055183496,166.88117729185683,182.70784814784844
2025-06-23,1.1015091321209538,165.83754075250178,183.11485768715897
2025-06-24,1.0906726323850549,167.0897653381049,182.31913690588746
2025-06-25,1.087201560102081,167.75478129776167,182.13200557076985
2025-06-26,1.0897140336112152,167.01598708701263,181.89687628660647
2025-06-27,1.088829347296271,167.25624807413666,182.2995191202236
2025-06-28,1.0904470058499742,167.33099143008346,182.84664750974778
2025-06-29,1.087815730279026,168.1771712157943,182.65562338042227
2025-06-30,1.0881925704678606,168.08529860446004,182.565317731382
2025-07-01,1.0875151541625672,168.09994124768295,183.1532669722764
2025-07-02,1.0926069598982646,167.04984184292235,182.59093215694506
2025-07-03,1.09371945382207,166.57473067494985,182.02783265434968
2025-07-04,1.095197421926095,166.28384171641937,182.21099800190922
2025-07-05,1.0933945610818019,166.67420287574274,181.7603264712513
2025-07-06,1.0912640554793824,167.32428629805446,182.5955955963652
2025-07-07,1.0893775471901503,167.27217057233398,182.28228330030197
2025-07-08,1.0910977331247327,167.61674815395267,183.05529024796982
2025-07-09,1.08926193838991,167.76566324026072,182.55547142805366
2025-07-10,1.090525233279943,167.58180577650486,182.76784735411317
2025-07-11,1.099616022895558,166.04053435443316,182.4118672280715
2025-07-12,1.1034543170049005,164.58536830756472,181.6588160405959
2025-07-13,1.1020162466022276,165.11951981686818,181.80147231885343
2025-07-14,1.1073240169574543,164.68753246477004,182.28803771874638
2025-07-15,1.105518004691606,164.82223553495695,182.0324975018982
2025-07-16,1.0965419097275513,166.06603924825683,182.21694266764192
2025-07-17,1.0921291769835038,166.87257424428893,182.40285680227612
2025-07-18,1.0839870935022888,167.39263886282643,181.40888782961122
2025-07-19,1.0824640201952516,167.39855169720485,181.20983808094945
2025-07-20,1.0825437720641478,167.69789139807622,181.27733018981255
2025-07-21,1.0898274330591877,166.19842301275227,181.07332101822442
2025-07-22,1.0912535430068993,166.11601645289957,181.26559067795267
2025-07-23,1.0902975850565224,165.722177947146,181.16003231177928
2025-07-24,1.093920787550784,165.406351768467,180.7402456702567
2025-07-25,1.084288220646878,166.71881472234347,181.0359281088714
2025-07-26,1.0853105987053917,165.95046008223895,180.2873352210983
2025-07-27,1.0886622760930948,165.93936058576043,180.70261949457787
2025-07-28,1.0822425547587027,166.54227582512925,180.55611030456998
2025-07-29,1.087205175328375,165.54242875393356,180.04555629423922
2025-07-30,1.0886782325367095,165.4175415587109,180.1565590831574
2025-07-31,1.0868712741198086,166.11042246697116,180.53105607421773
2025-08-01,1.0896257683694712,165.3388689345611,180.37792720543368
2025-08-02,1.099567671839753,164.0119486738615,180.53997627116058
2025-08-03,1.1003678598775113,164.0683095955226,180.4225377447234
2025-08-04,1.101460938258126,164.18656781619168,180.60651165719744
2025-08-05,1.0994389241458355,164.52692934477244,180.85059357031497
2025-08-06,1.0957078614669724,164.89148293381083,180.52834885667068
2025-08-07,1.099353133643438,164.08056165722203,180.37102090755596
2025-08-08,1.095595018092945,164.62179571918793,180.58200214033508
2025-08-09,1.0959086934397764,164.16807784377224,179.8309490793205
2025-08-10,1.0938168166835798,163.3344927603188,178.65036418542158
2025-08-11,1.095914490281594,163.2183170217214,178.88369742261483
2025-08-12,1.0973781273289356,163.36590079542097,179.4262680233409
2025-08-13,1.1019418855055325,161.86001753548507,177.95957698138727
2025-08-14,1.0996961432863537,161.77690026294488,177.797498013163
2025-08-15,1.0985096621025912,162.16876911309856,178.18159867559882
2025-08-16,1.0942173443201817,163.52620604056514,179.14794488146958
2025-08-17,1.0922744576898509,163.79678777761202,178.82304075895937
2025-08-18,1.0939241650132037,163.2961187166223,178.29835500720978
2025-08-19,1.0972415374665128,162.78076075086867,178.72049874123158
2025-08-20,1.0932016405604406,163.84860877816394,179.00576208327564
2025-08-21,1.0970108802684433,163.0887864692491,178.69732973850722
2025-08-22,1.1029756356725195,161.98983377128098,178.55928756121142
2025-08-23,1.104801179244099,161.56603630163013,178.46540996043504
2025-08-24,1.1131263342850815,160.11795055905395,178.12372280591165
2025-08-25,1.1096863601222005,160.61205580539453,177.83591174888244
2025-08-26,1.1041753846392148,161.948459119932,178.9799150711935
2025-08-27,1.096347189540394,163.1151921913717,179.0588695590994
2025-08-28,1.102927594964693,162.14064998398666,178.94590841778054
2025-08-29,1.105818248161057,161.64777963323272,178.54969969312762
2025-08-30,1.105572409318169,161.0916449223145,178.0625926622647
2025-08-31,1.1068112051915961,161.26074383664118,178.48403427768457
2025-09-01,1.10183958903208,161.8882438991799,178.4816860020612
2025-09-02,1.1126717938359123,160.3968580431381,178.5883378631267
2025-09-03,1.1132470655550875,161.5208550940901,179.68060424664873
2025-09-04,1.1137343058867484,161.56962444491367,179.9603882758843
2025-09-05,1.116972248342232,160.86422270770575,179.7630370577372
2025-09-06,1.1191234129909076,160.4253174644311,179.79710093256983
2025-09-07,1.1201260772983992,160.72572114245742,180.1599060205449
2025-09-08,1.1165899464826983,161.2278826151966,180.1674830924861
2025-09-09,1.1186976806285764,160.41435127052353,179.47020582702652
2025-09-10,1.127151125643194,159.66964523956435,180.2256632627341
2025-09-11,1.1332334443883605,158.648084620183,179.8589847132485
2025-09-12,1.140478314202624,158.42867407769702,180.52888192328405
2025-09-13,1.1381485754409868,159.1219486068158,181.35857563150287
2025-09-14,1.1336522112937042,159.52516385379005,180.97226781328223
2025-09-15,1.1330819602854794,160.07537308299746,181.29815885856104
2025-09-16,1.133334552007148,160.06849587538585,181.3241716893688
2025-09-17,1.1383057632032467,159.7546542933863,181.9035758379122
2025-09-18,1.130625620307915,160.91613851598893,182.02017887392265
2025-09-19,1.1375642196525182,159.71387958744563,181.7206398053658
2025-09-20,1.1368454702852149,159.56529418590335,181.45755364014246
2025-09-21,1.1349059354150237,160.1960094558593,182.11646679497258
2025-09-22,1.1303206502011212,160.657179363466,181.78871338133285
2025-09-23,1.1228632844963826,161.46822198700156,181.34130159933022
2025-09-24,1.126566610190485,160.63049195607164,181.131289272008
2025-09-25,1.126897048937357,160.74674753142418,180.95799884036435
2025-09-26,1.121097411890202,162.27648692290256,182.00014347256223
2025-09-27,1.1153047908072462,162.63179681683238,181.71220139037902
2025-09-28,1.1138077872388923,162.83836639883867,181.3310934325685
2025-09-29,1.1212685405317817,162.39383546624472,181.93275568161613
2025-09-30,1.120104858337293,162.5159740806467,181.91622916857537
2025-10-01,1.1133903533886398,163.57328066146718,181.9224677972752
2025-10-02,1.1122964592826365,163.31323117778143,181.51017465098874
2025-10-03,1.1110837230424448,163.63762681443603,181.74773966247258
2025-10-04,1.099162272843796,165.16730249664124,181.2904930088172
2025-10-05,1.0989235832884274,165.58006522666403,181.96268050954185
2025-10-06,1.0979089343897426,166.1779674428844,182.612894068339
2025-10-07,1.1009706803775439,166.76512350420484,183.43684426541992
2025-10-08,1.1091434511124647,165.87928110984532,184.263442127538
2025-10-09,1.1141528182904914,165.33128867265438,184.29841133619166
2025-10-10,1.1129551301260023,165.56701200303308,184.45855908719145
2025-10-11,1.1080399609272975,166.09315587667703,183.91678748834101
2025-10-12,1.1195044059687596,164.68648232106824,184.52478902174602
2025-10-13,1.1197696185696446,164.53782037810137,184.0432696015701
2025-10-14,1.119832010699354,164.59422164982382,184.48196671002626
2025-10-15,1.119723951734075,165.11536925760424,184.9154040387191
2025-10-16,1.1206115043133429,164.6102517188031,184.56619681550254
2025-10-17,1.1199646033516193,165.13469495179513,184.7275927715035
2025-10-18,1.1173976250658244,165.9865117591556,185.30692280282983
2025-10-19,1.1149560608930176,166.26889327985361,185.49322596666914
2025-10-20,1.1148099966328253,165.46738011122704,184.2897527445358
2025-10-21,1.1123893669770637,165.55753933355635,184.24975250787807
2025-10-22,1.1092220364836227,166.48740300498253,184.41902482581196
2025-10-23,1.1096943560302581,166.4145341093606,184.82590097462287
2025-10-24,1.1085631458775977,166.17996924260433,183.9939328208134
2025-10-25,1.115252331474751,165.08512158150697,184.2132515424025
2025-10-26,1.1034888101428144,167.00066607230357,184.3986596716957
2025-10-27,1.1083172053148231,166.55588087229927,184.46812660506455
2025-10-28,1.113855226173547,165.71551558161684,184.69052535264007
2025-10-29,1.104655601543724,166.8184001053844,184.3248736047128
2025-10-30,1.1031424317881402,166.87241934688925,183.98485428739872
2025-10-31,1.1015046400542643,166.73723227672323,183.4766020186182
2025-11-01,1.095320542118936,168.21987674361193,183.893063608281
2025-11-02,1.0919180035824674,168.5663388825473,184.12497702840398
2025-11-03,1.087078130593701,169.72518217886963,184.21582055192803
2025-11-04,1.0947243151689379,169.25403769993957,185.30417650465586
2025-11-05,1.0988292316931874,169.0763314286232,185.7370703668968
2025-11-06,1.1044323566103829,168.13217038394035,185.81671959483083
2025-11-07,1.107625114555284,167.8525088741752,185.86149877937189
2025-11-08,1.1026341288112014,168.52891781415462,185.76451659597743
2025-11-09,1.1003231381943535,168.4928768633369,185.53229738195148
2025-11-10,1.1024791282911766,168.32264167601045,185.63437672197514
2025-11-11,1.0971027985165522,168.60287647023088,185.03316846284787
2025-11-12,1.1002361948983892,168.63586685076484,185.6263520401137
2025-11-13,1.0991790442936509,168.5994533151493,185.0364122234872
2025-11-14,1.0975322983633047,168.90712130016217,185.52131530871193
2025-11-15,1.100657946790367,168.58531520846498,185.6684134006604
2025-11-16,1.1026156134911884,168.21336570008057,185.28611443740198
2025-11-17,1.1010247345530144,168.66354039546505,185.65740338243813
2025-11-18,1.1061423946496407,167.77274210097715,185.5732480367413
2025-11-19,1.1013694818173168,168.7718801108868,185.8551978541275
2025-11-20,1.1040863179562892,167.86882782959592,185.40355418377595
2025-11-21,1.1067087674187863,167.5589894143927,185.70443387318159
2025-11-22,1.1053393043853104,168.5070019578709,186.4588993996062
2025-11-23,1.1067821959216075,167.91626231899795,185.60285789482992
2025-11-24,1.101257191343345,168.41028544881536,185.57840893691107
2025-11-25,1.1053350884747777,168.05051207029817,185.99897981903342
2025-11-26,1.1045178754435236,168.23325750298343,185.88851561583675
2025-11-27,1.1022108604634144,168.68913650153857,186.13384537376544
2025-11-28,1.1068454946571855,168.2430910027895,186.59383048964807
2025-11-29,1.10373148482109,168.92162931956514,186.6349853735059
2025-11-30,1.0975307159962255,170.22333366513172,186.87191443922316
2025-12-01,1.0907181539464188,171.3468737969289,187.08646365473587
2025-12-02,1.0933653052719154,170.87601110363408,186.85697142363696
2025-12-03,1.0877797132744138,171.93772017425692,187.03483454709473
2025-12-04,1.095441890953719,171.61037713902337,187.92313396080363
2025-12-05,1.0863572399107537,172.8522418911441,188.07286105501285
2025-12-06,1.0937541391920813,171.40614215788216,187.3227415903088
2025-12-07,1.0946777338392315,171.71851566354871,188.26448460770027
2025-12-08,1.0942543369800282,171.73027258126427,188.01052832718813
2025-12-09,1.0918718141914154,171.19858678986162,186.66534356369075
2025-12-10,1.0936164283910499,171.29028100714112,187.39473555507766
2025-12-11,1.0934518090667618,171.09973256785938,186.69641959244163
2025-12-12,1.0982881027565088,170.38324231438887,187.2469391880697
2025-12-13,1.0987900368874133,170.44492542696707,187.4489748695602
2025-12-14,1.0994508358180797,170.42814917777048,187.26637695872603
2025-12-15,1.0978529031529054,170.93483466915575,187.68448961328448
2025-12-16,1.0976028599584218,170.79637287570011,187.83292656412155
2025-12-17,1.0989550686193876,170.8109523667586,187.6186263638885
2025-12-18,1.09146312989509,171.76529440361256,187.2769666227785
2025-12-19,1.0855929934639565,172.9015500910513,187.97882061250814
2025-12-20,1.0888253252063635,172.68574074124047,188.39362250789716
2025-12-21,1.0895697500352792,172.20295583605022,187.6278249539294
2025-12-22,1.0887681943060488,172.75459009456972,188.27994889738838
2025-12-23,1.0888484783859855,172.5272132188683,188.1079978845331
2025-12-24,1.0903633864946372,172.63591059075077,188.0961139323124
2025-12-25,1.0880117892312373,173.12110034964107,188.2663870065167
2025-12-26,1.0846298374734238,174.35462400839796,189.34299846017646
2025-12-27,1.08547984880015,174.14051448522918,189.34453087503115
2025-12-28,1.081240134514451,174.61462656924476,188.90661441900707
2025-12-29,1.0830072540426017,174.3494283762414,188.6555676315477
2025-12-30,1.075656670841849,175.30089040258235,188.93825950738784
2025-12-31,1.080093870219573,174.97671758850026,188.89093122880794
2026-01-01,1.082137599909309,174.02080335172366,188.25134318488938
2026-01-02,1.0832464051954265,173.43305990042825,187.93505394102536
2026-01-03,1.0875127706429872,172.38854457405407,187.7661095634411
2026-01-04,1.0947818556196303,171.7349669558416,188.17288380821995
2026-01-05,1.0992329353654318,171.79116167866786,188.91684550188185
2026-01-06,1.0911684648163607,172.89510961562775,188.74509427805432
2026-01-07,1.0855977970363542,173.6276490440879,188.49799537776147
2026-01-08,1.0828879780514116,174.04838637000924,188.58010049141706
2026-01-09,1.0830009986873954,174.50439115437536,188.51037230811454
2026-01-10,1.085245822936967,173.80196060931226,188.56190630776285
2026-01-11,1.0820999495754955,174.35509997547916,188.7151750154618
2026-01-12,1.0829086528413603,174.63440546830074,188.89543691384335
2026-01-13,1.0796415483023853,175.31638112849615,189.3519719973414
2026-01-14,1.0770038954503407,175.78178240639252,189.2789543868946
2026-01-15,1.0709609940980336,177.0903005583763,189.9897422421417
2026-01-16,1.0670133006879514,176.56472520467784,188.693262281659
2026-01-17,1.0612598067122092,177.70970967194896,188.50832299003943
2026-01-18,1.0571252613073618,178.06527394357082,188.2089059639143
2026-01-19,1.0615899885833993,176.63286112651838,187.4978109947145
2026-01-20,1.0575661444633462,177.45113478411292,187.5815511759085
2026-01-21,1.0687606500705622,176.33613337370318,188.4978751624307
2026-01-22,1.0708716872521755,175.96576762078357,188.29387025562508
2026-01-23,1.071663723096352,176.23970312380268,188.65615743198734
2026-01-24,1.0679905489222,177.4532239929207,189.63638131391934
2026-01-25,1.07098644039805,177.5487791549852,190.27204150459852
2026-01-26,1.0685232760415333,178.60038492168124,190.68517385024805
2026-01-27,1.0690448846213287,178.83106653133518,191.3496095384116
2026-01-28,1.0800485100057615,177.21621988389128,191.28122892178453
2026-01-29,1.0796335923184937,176.61636585690772,190.72923532334627
2026-01-30,1.0846081942716193,175.783774686911,190.81292638207333
2026-01-31,1.0815617969387674,175.8844355727196,190.2234920772333
2026-02-01,1.0814104386719927,176.79990535752324,191.2802066087533
2026-02-02,1.0890974801372126,175.6006038587634,191.1474099790126
2026-02-03,1.086369589191404,176.0493189031899,191.21705111129992
2026-02-04,1.0942741638210207,175.12575135289777,191.5961351327299
2026-02-05,1.097376451678978,174.6964025628181,191.56459353407132
2026-02-06,1.0949102758243636,175.74533990944497,192.39136275983356
2026-02-07,1.0976835008915342,175.08980986543182,191.89556156410836
2026-02-08,1.10196204562338,174.5550592532808,192.25857524729108
2026-02-09,1.1047063009310276,173.86201476217943,192.011748171879
2026-02-10,1.0977894969751731,174.31322851990043,191.31020909242858
2026-02-11,1.094601161719122,174.5223707594519,190.9862559450611
2026-02-12,1.0935179612881039,174.66337648958648,190.98574256039467
2026-02-13,1.0931924325843794,174.53543691005663,190.89229668212275
2026-02-14,1.095909860612729,173.86348598381505,190.70533804419864
2026-02-15,1.0966891146450166,173.18276162077416,189.80424113139478
2026-02-16,1.0908469007796806,173.98634704038338,189.56410898780155
2026-02-17,1.092507113468106,173.13867460934438,188.95812547290078
2026-02-18,1.0951786516267747,173.06387187416146,189.44351542084004
2026-02-19,1.0976336813972778,172.74752004642076,189.54676734928074
2026-02-20,1.1023891585532624,171.49029602585696,188.90347611646123
2026-02-21,1.106072525389341,170.85122232198253,188.72891079258972
2026-02-22,1.1081059381022749,170.26902771383993,188.59006157631558
2026-02-23,1.1077949775757754,170.43906002433067,188.8457901162647
2026-02-24,1.1004593561996825,172.00174778252838,189.39356036221704
2026-02-25,1.1023520915964626,170.98534516640643,188.38098640546846
2026-02-26,1.1032682519195816,170.90298459311498,188.47396556181826
2026-02-27,1.1044674003642212,170.67164432491762,188.32658351778457
2026-02-28,1.0988412701779098,171.72930616895897,188.69731624387705
2026-03-01,1.0940998907965311,172.48695761914254,188.55784777261132
2026-03-02,1.098718630130462,171.53086164094805,188.57216737531104
2026-03-03,1.0985448039444277,171.42771369974704,187.98470793019723
2026-03-04,1.101543525549109,170.68894717752997,187.953686605998
2026-03-05,1.1016683083117884,171.10049041618151,188.55274535345526
2026-03-06,1.101799441699121,171.09060853439757,188.5421911550429
2026-03-07,1.105942413697343,171.26977046049794,189.92460297040427
2026-03-08,1.1036619051866692,171.56502391360817,189.4160157139895
2026-03-09,1.1040863261320097,171.22223893914537,188.8543221119321
2026-03-10,1.1020466452006896,170.9037298002915,188.32590197179988
2026-03-11,1.1001329682140786,170.45355769708164,187.1884938559111
2026-03-12,1.0987732873546845,170.01448151516144,186.79231412506672
2026-03-13,1.0997500198389272,169.98403324632136,186.78421248235236
2026-03-14,1.0976460198314284,170.48045690174828,187.2984893918224
2026-03-15,1.1031733931279837,169.08402263143006,186.4264897749276
2026-03-16,1.0992328199715689,169.9858709314799,186.83223007526874
2026-03-17,1.0984114652081056,169.90904452691518,186.5114283639333
2026-03-18,1.0964811408088937,170.2374208900827,186.98669914817245
2026-03-19,1.1028458781545245,169.988209490511,187.41057253434943
2026-03-20,1.1037132976011426,170.2233771826248,188.222101753829
2026-03-21,1.1082781537216528,169.48391420104394,187.9882459726242
2026-03-22,1.1017120253728747,170.04185373019504,187.4274640805048
2026-03-23,1.1028895041100792,169.02718716669193,186.4870492457926
2026-03-24,1.106821153261609,168.20245687157973,186.2433505537339
2026-03-25,1.1071855078590385,168.06966263652265,185.72558518941764
2026-03-26,1.1119143153250395,167.03891798598738,185.6811662855837
2026-03-27,1.1096159722264525,167.3000713591799,185.79572547283522
2026-03-28,1.115888975014402,166.48043189448745,185.764594697052
2026-03-29,1.1261975594283176,165.01717180042763,185.58079294362315
2026-03-30,1.1245642333774362,164.9831880128204,185.52446953038947
2026-03-31,1.12256203307206,165.31392215257128,185.89137215375933
2026-04-01,1.1291070965595462,164.61801038022563,186.10312520543064
2026-04-02,1.1362637059903673,163.26558867725555,185.501260316032
2026-04-03,1.1338897618480217,164.11357199392467,186.26375111951418
2026-04-04,1.1319855804002932,164.32503661943772,185.94539667194954
2026-04-05,1.13071039473465,164.49960705271553,185.68449309707904
2026-04-06,1.124645979291019,165.57374538463927,186.03970050382995
2026-04-07,1.1205209300297823,166.21447615203198,186.53788243324436
2026-04-08,1.116029313515436,167.18980425560315,186.5375984510567
2026-04-09,1.1126070330845637,167.7664611051141,186.61271493925665
2026-04-10,1.112452681193574,167.54790172518503,186.33322592724147
2026-04-11,1.113495380777258,167.5474741498847,186.91858060595544
2026-04-12,1.1204227408693344,166.16775973671037,186.48085480971102
2026-04-13,1.1159573486056953,166.81029633508885,186.56620900557894
2026-04-14,1.1203598571497453,166.20539030515633,186.18023155545387
2026-04-15,1.1194012894100835,166.25315891134287,186.15901735384466
2026-04-16,1.1191798323575248,166.2330051438267,185.7624636320153
2026-04-17,1.1222048907219417,165.10182736755038,185.5517217110033
2026-04-18,1.1171764935833577,165.56062619635148,184.74444683005518
2026-04-19,1.1188866779496558,165.36791898658294,185.06807105501468
2026-04-20,1.1196318906398617,165.33017624965444,184.9058173088712
2026-04-21,1.1218395207856262,164.64112705983266,184.59215883593683
2026-04-22,1.1231378747790293,164.9556567342113,185.11282784659758
2026-04-23,1.1342227815493349,163.16912758691763,184.95764219394962
2026-04-24,1.1313331119566634,163.9157594086461,185.34334948322655
2026-04-25,1.1289327243059737,164.39421461065302,185.4882553502018
2026-04-26,1.1261222934193185,164.5164142351355,185.41998981217938
2026-04-27,1.1236229304559668,165.5310428310538,185.7889770516461
2026-04-28,1.120761848072653,165.45116731477472,185.47225134136002
2026-04-29,1.126104961560516,165.09579156822747,186.1416271249765
2026-04-30,1.1325217218935364,164.6347657011672,186.35676161678444
2026-05-01,1.1299391407110724,164.71659257930088,185.98610621333543
2026-05-02,1.126183351919804,165.75016680768724,186.62204753950698
2026-05-03,1.1283089567821167,165.37167121982984,186.81046316054233
2026-05-04,1.1258193945536243,165.81350293813335,186.71229273389932
2026-05-05,1.1286732733140425,165.53537087227454,186.73609928359488
2026-05-06,1.12958978038519,165.3622590522165,186.88190194093752
2026-05-07,1.1227618239230341,166.58491154397723,186.82901171348246
2026-05-08,1.1297332974956575,165.96333251386062,187.6220539306897
2026-05-09,1.1378779673553008,164.21895482275303,186.93748333838005
2026-05-10,1.1350922678421713,165.08445720601947,187.32841188931712
2026-05-11,1.133333323913648,164.67581555197967,186.47608196871118
2026-05-12,1.1346299882091047,164.90264953811388,186.93759020485095
2026-05-13,1.136148942846657,165.13709026895765,187.72067313926965
2026-05-14,1.1391457056326049,164.32595074422082,187.42125545068103
2026-05-15,1.1483422935992542,162.98083568998473,187.03850956159937
2026-05-16,1.147529797230867,162.664860147998,186.74833771586097
2026-05-17,1.1438713618765606,163.05279176732768,186.12216460598623
2026-05-18,1.1375776847661547,163.74943823434364,186.16880557814505
2026-05-19,1.1342565833073155,164.4812539474344,186.5581506434722
2026-05-20,1.1341062953164391,165.0046029366475,186.9625273790535
2026-05-21,1.1422764613872904,164.47321447700313,187.69793633817227
2026-05-22,1.1399138872092998,164.56501707811464,187.46467958369385
2026-05-23,1.1409347400257073,164.35180300638075,187.5694720622697
2026-05-24,1.1408597926767943,163.71726141150484,186.74345188954652
2026-05-25,1.1462958632340967,162.7098014565794,186.09611181431856
2026-05-26,1.157941066116096,161.59481999755428,186.72045850648007
2026-05-27,1.1554848159205842,162.51640331528714,187.67127604797204
2026-05-28,1.1532248694796965,162.33578054251296,187.29534267787827
2026-05-29,1.1580515512924958,161.50128661930938,186.51295842390513
2026-05-30,1.1612145249306647,161.09407472706496,186.97129753814573
2026-05-31,1.1698239775407981,160.1277369380869,187.22268872473336
2026-06-01,1.1725595438150547,159.48881599050515,187.26976655442786
2026-06-02,1.170875588688137,159.85400813824415,187.09709167553004
2026-06-03,1.173645192449892,159.33708340154809,187.0768228456364
2026-06-04,1.178861649418155,158.69492100994464,187.10578263091259
2026-06-05,1.182736945071576,158.42710611373073,186.97837108596417
2026-06-06,1.1851392684713464,158.13945958725148,187.56125876135837
2026-06-07,1.190206703638681,157.37103997203948,187.34441137474434
2026-06-08,1.1957865562618668,156.66771545045793,187.43636756633364
2026-06-09,1.2024159336433502,155.8553885084136,188.13879122135384
2026-06-10,1.2055400616164158,155.35645087708934,186.89809513215687
2026-06-11,1.2047344607439878,155.35642413162523,187.48603765860494
2026-06-12,1.2054416723745778,155.85434666661774,187.81932057162547
2026-06-13,1.211273237472634,155.37983672860975,188.26151530915675
2026-06-14,1.2073215682480918,155.73160720159765,188.0095711052555
2026-06-15,1.209103310636675,155.77746621571728,188.27114476512028
2026-06-16,1.2072024573468,155.87749161493022,188.06846221761722
2026-06-17,1.2073412686103893,156.28849161302884,188.75572190494378
2026-06-18,1.2135311929361867,155.70267460411247,188.66338240611302
2026-06-19,1.2144591662806175,155.55628971472794,189.05855890254497
2026-06-20,1.2146847683985709,155.69274893813423,189.03890099382195
2026-06-21,1.2080955193400391,155.88698077365385,188.11354114754315
2026-06-22,1.2117070893099295,155.05918909581519,187.80176743079613
2026-06-23,1.21483968268191,154.26776837049673,187.64620987279986
2026-06-24,1.2253973252738237,153.1181239890854,187.53009437593417
2026-06-25,1.2238896510193342,153.90931090667587,188.43553400994594
2026-06-26,1.2249629846656245,154.59021814476728,189.22887580601488
2026-06-27,1.2261855374597863,154.68112487923847,189.8115115831332
2026-06-28,1.2339469999884325,153.9821226189508,190.13602868891564
2026-06-29,1.2334767310779744,153.38922261227714,189.55179744705657
2026-06-30,1.23485416584092,153.04081951605772,188.94991490558067
2026-07-01,1.2378604735572898,152.42473947917736,188.80672235667885
2026-07-02,1.238784802721124,152.10155421319206,188.43957182263458
2026-07-03,1.2365746359853806,152.2872645868293,188.5586003074527
2026-07-04,1.2375350357943926,152.01301437885527,187.9862034130071
2026-07-05,1.2428610916780751,150.72699694884946,187.47228384486073
2026-07-06,1.2377682908067686,151.55111670185147,187.5486443651617
2026-07-07,1.2384268085022028,151.099694240371,187.11390083257365
2026-07-08,1.2349634667353764,151.566863998276,187.19671399333532
2026-07-09,1.2408809545261492,151.64609027814703,188.22221052684617
2026-07-10,1.233343565067302,152.1559782993854,187.6387851104783
2026-07-11,1.2305892744261266,151.5660532785179,186.55560688114085
2026-07-12,1.2324474474740386,151.2587207761476,186.71261461044696
2026-07-13,1.2401893668717063,150.79265584427358,187.19573875342567
2026-07-14,1.2398632386610091,151.5191933358692,188.02635982551766
2026-07-15,1.2371128079340235,151.38844206347824,187.19926512080596
2026-07-16,1.2464567326436997,150.5376347931328,187.4717924570443
2026-07-17,1.2392580536427145,151.16284786430333,187.50873286759298
2026-07-18,1.2284062934659306,152.3305171537962,187.2876951336173
2026-07-19,1.2305702633419768,153.0298280949371,188.5912802985909
2026-07-20,1.2281014910904582,152.77093836700706,187.50489943553987
2026-07-21,1.2230950134289378,153.42630639390902,187.61187433770218
2026-07-22,1.2265654767108811,153.20133396657687,187.60338935497765
2026-07-23,1.227762210299881,153.45473351644074,188.33197892221355
2026-07-24,1.224995115486093,153.80286523220443,188.5955202734584
2026-07-25,1.2187376854537146,154.62686086319334,188.36167165792
2026-07-26,1.2229983020416084,153.99956623548928,188.46183675948888
2026-07-27,1.2261832216698298,153.73481920885953,188.4711447206967
2026-07-28,1.2256968870208822,153.66680874214424,188.40996490791676
2026-07-29,1.2347840760526392,152.86678086740412,188.54083145312063
2026-07-30,1.2295100768393352,153.32649916605632,188.53253915631157
2026-07-31,1.2220303268619854,154.30939526675542,188.00671995021173
2026-08-01,1.2186528722149377,154.68496200271247,188.47204194791118
2026-08-02,1.2184306783543615,155.11742552513346,188.69167084127713
2026-08-03,1.2196172247289985,154.96256385587796,189.22293901500333
2026-08-04,1.2184409297442516,154.45738123633936,188.34350108278537
2026-08-05,1.2201579732679761,154.7159416063169,188.86598690578984
2026-08-06,1.2140649341213572,155.0888498728331,188.57432142439325
2026-08-07,1.2210965143877957,154.04703588653888,187.92780139843734
2026-08-08,1.2206953222378694,153.87875136221956,188.16729506117346
2026-08-09,1.226163042439716,153.75124773943995,188.69983828063656
2026-08-10,1.227845143787552,152.79777431501242,187.5676245624646
2026-08-11,1.2300904831831612,153.66674538689335,189.23866054607748
2026-08-12,1.2328971414886192,153.72913283123592,189.32253017857457
2026-08-13,1.2351070340891386,153.56069503175644,189.50751402631673
2026-08-14,1.2382864449040647,153.18499478851834,189.57146110976086
2026-08-15,1.2448874631204039,152.55293349131037,189.81077555608275
2026-08-16,1.245866434808912,152.63014595079036,189.95586418530198
2026-08-17,1.249404745723765,152.46912140550484,190.72863585673167
2026-08-18,1.2489563613915247,152.7163854049624,190.68672816118394
2026-08-19,1.256171697528439,151.95581841193552,190.9498854281404
2026-08-20,1.2527776315739252,152.25740229214492,190.63587635121687
2026-08-21,1.2618349272661864,151.216803062459,190.4632532060546
2026-08-22,1.2616322527256887,151.16997934884833,190.772427178658
2026-08-23,1.2544324269794478,152.35572426177683,190.75449085368373
2026-08-24,1.2550753850253211,152.49628035539038,191.3811916148574
2026-08-25,1.2516609532608636,151.82672131921746,189.77555019658422
2026-08-26,1.2558768402283622,151.59822594877292,190.76705588476995
2026-08-27,1.2526026543482438,152.0250624773444,190.60054485274614
2026-08-28,1.2503690858925207,152.2636193932774,190.40585660742738
2026-08-29,1.2409542170022785,153.16747293249168,190.31401900056295
2026-08-30,1.2387110810462891,153.82080778146312,190.3782824381151
2026-08-31,1.2267591699289744,155.51684995518622,190.88540769259737
2026-09-01,1.2190114698012604,156.12733512089363,190.35904038588032
2026-09-02,1.2227249312298492,155.8470394345288,190.60837172961163
2026-09-03,1.2265742474270163,155.0534205697667,190.42651460212497
2026-09-04,1.2286634458079164,154.3178037714124,189.743528436063
2026-09-05,1.2239202718333704,154.63146601462745,189.31122877331558
2026-09-06,1.2236867145368346,154.96961251599248,189.32043264502028
2026-09-07,1.22366908114699,155.31663168502016,189.8736972685694
2026-09-08,1.2180123761026065,156.1546593506883,190.17496864371842
2026-09-09,1.2253590749427208,155.571959111627,190.64931162092844
2026-09-10,1.229666965061068,155.26660291892904,190.71042687028418
2026-09-11,1.2285805958490605,155.15818211357674,191.08405608683202
2026-09-12,1.228712728634302,155.29953600686534,191.10787270690577
2026-09-13,1.229737326026158,155.47275642176044,191.30577114611955
2026-09-14,1.2197350353622685,156.89944400155633,191.38953498583354
2026-09-15,1.2185296676860766,157.47580070688807,191.84821455070932
2026-09-16,1.2152101253395087,158.12528885066232,191.97253576152713
2026-09-17,1.210351150421092,158.82858025777216,192.25324956215508
2026-09-18,1.2089909949930586,159.38738677852936,192.74758370787438
2026-09-19,1.2177158738840257,158.3460001003398,192.58100107030862
2026-09-20,1.220841336132268,157.655183880945,192.53628492918784
2026-09-21,1.2180552443741242,157.92068465542752,192.32625311175778
